{"0.9787686016591648":{"user_id":4},"0.4518065524591175":{"user_id":4},"0.874828882652456":{"user_id":4}}